1603845676908946290,8325348604214428166," 52 End  Movies  Satrey Sa-art Songkrus Krousar - Chinese Drama In Khmer Dubbed - Khmer Movies, chinese movies, Series Movies"
649022379454191587,8721848268226302955," 52 End  Movies  Satrey Sa-art Songkrus Krousar - Chinese Drama In Khmer Dubbed - Khmer Movies, chinese movies, Series Movies"
8307476929061368928,,
415198592755583881,3129373930753972259," 52 End  Movies  Satrey Sa-art Songkrus Krousar - Chinese Drama In Khmer Dubbed - Khmer Movies, chinese movies, Series Movies"
2771994004360431711,8729918030306618478," 52 End  Movies  Satrey Sa-art Songkrus Krousar - Chinese Drama In Khmer Dubbed - Khmer Movies, chinese movies, Series Movies"
855847949486139480,8154371125991262771," 52 End  Movies  Satrey Sa-art Songkrus Krousar - Chinese Drama In Khmer Dubbed - Khmer Movies, chinese movies, Series Movies"
4368396216489575511,945800220413690122," 52 End  Movies  Satrey Sa-art Songkrus Krousar - Chinese Drama In Khmer Dubbed - Khmer Movies, chinese movies, Series Movies"
5241222524765324079,7440933876218427207," 52 End  Movies  Satrey Sa-art Songkrus Krousar - Chinese Drama In Khmer Dubbed - Khmer Movies, chinese movies, Series Movies"
2689133334725908824,4462032129157838710," 52 End  Movies  Satrey Sa-art Songkrus Krousar - Chinese Drama In Khmer Dubbed - Khmer Movies, chinese movies, Series Movies"
2065653206472406604,9142309586446947718," 52 End  Movies  Satrey Sa-art Songkrus Krousar - Chinese Drama In Khmer Dubbed - Khmer Movies, chinese movies, Series Movies"
7473157485898372762,4549540418996418376," 52 End  Movies  Satrey Sa-art Songkrus Krousar - Chinese Drama In Khmer Dubbed - Khmer Movies, chinese movies, Series Movies"
8857339501000089937,7815141091235172567," 52 End  Movies  Satrey Sa-art Songkrus Krousar - Chinese Drama In Khmer Dubbed - Khmer Movies, chinese movies, Series Movies"
1819531928126963687,2361880989715290881," 52 End  Movies  Satrey Sa-art Songkrus Krousar - Chinese Drama In Khmer Dubbed - Khmer Movies, chinese movies, Series Movies"
7798654909692515255,7748578776622763771," 52 End  Movies  Satrey Sa-art Songkrus Krousar - Chinese Drama In Khmer Dubbed - Khmer Movies, chinese movies, Series Movies"
ï»¿7271011833334695575,,
1603845676908946290,8325348604214428166," 52 End  Movies  Satrey Sa-art Songkrus Krousar - Chinese Drama In Khmer Dubbed - Khmer Movies, chinese movies, Series Movies"
